state,date,crop_type,planted_area,production,temperature,humidity
Malaysia,1/1/17,cash_crops,20763.1,217847.5, 27 C ,81%
Malaysia,1/1/18,cash_crops,19028.2,215087.6,26 C,83%
Malaysia,1/1/19,cash_crops,17082,221310.2,28 C,"	80%"
Malaysia,1/1/20,cash_crops,19090.9,223506.8,29 C,81%
Malaysia,1/1/21,cash_crops,20070.3,239011.9,27 C,77%
Malaysia,1/1/22,cash_crops,18329.1,215632.4,28省C,78%
Malaysia,1/1/17,coconut,83250.1,517588.5,27 C,81%
Malaysia,1/1/18,coconut,83436.4,491465.4,26 C,83%
Malaysia,1/1/19,coconut,86466.3,536605.7,28 C,"	80%"
Malaysia,1/1/20,coconut,84942,560984.3,29 C,81%
Malaysia,1/1/21,coconut,81469.6,557353.7,27 C,77%
Malaysia,1/1/22,coconut,84935.9,604428.4,28 C,78%
Malaysia,1/1/17,vegetables,2605.1,509085932,27省C,81%
Malaysia,1/1/18,vegetables,2652,518249478,26 C,83%
Malaysia,1/1/19,vegetables,2702.3,528096218,28 C,"	80%"
Malaysia,1/1/20,vegetables,2626.7,402409318,29 C,81%
Malaysia,1/1/21,vegetables,2554.4,348326666,27 C,77%
Malaysia,1/1/22,vegetables,2588.4,355423782.2,28 C,78%
Malaysia,1/1/17,fruits,208590.1,1492600.9,27省C,81%
Malaysia,1/1/18,fruits,195480.6,1543086,26 C,83%
Malaysia,1/1/19,fruits,184549.5,1560906,28 C,"	80%"
Malaysia,1/1/20,fruits,191865.9,1549790.6,29 C,81%
Malaysia,1/1/21,fruits,199419.8,1686875.5,27 C,77%
Malaysia,1/1/22,fruits,203431.3,1827992.3,28 C,78%
Malaysia,1/1/17,herbs,2424.2,11741.9,27省C,81%
Malaysia,1/1/18,herbs,3010.5,12389.4,26 C,83%
Malaysia,1/1/19,herbs,2315.7,9018.6,28 C,"	80%"
Malaysia,1/1/20,herbs,2079.6,9077.1,29 C,81%
Malaysia,1/1/21,herbs,2017.7,9339.8,27 C,77%
Malaysia,1/1/22,herbs,2108,9951.2,28 C,78%
Malaysia,1/1/17,industrial_crops,133928.5,758335,27省C,81%
Malaysia,1/1/18,industrial_crops,132761.2,589940.1,26 C,83%
Malaysia,1/1/19,industrial_crops,138490,755630,28 C,"	80%"
Malaysia,1/1/20,industrial_crops,159486,716977.6,29 C,81%
Malaysia,1/1/21,industrial_crops,156385,713949.5,27 C,77%
Malaysia,1/1/22,industrial_crops,127771.6,741168.3,28 C,78%
Malaysia,1/1/17,paddy,685548,2570513,27省C,81%
Malaysia,1/1/18,paddy,699980,2639202,26 C,83%
Malaysia,1/1/19,paddy,672084,2352870,28 C,"	80%"
Malaysia,1/1/20,paddy,644908.2,2356391.9,29 C,81%
Malaysia,1/1/21,paddy,647936,2441597,27 C,77%
Malaysia,1/1/22,paddy,637935,2281739,28 C,78%
Malaysia,1/1/17,spices,7467.3,60457.8,27省C,81%
Malaysia,1/1/18,spices,6552.6,55195.1,26 C,83%
Malaysia,1/1/19,spices,5815.6,51336.7,28 C,"	80%"
Malaysia,1/1/20,spices,5958.6,52541.3,29 C,81%
Malaysia,1/1/21,spices,5978.1,54037.9,27 C,77%
Malaysia,1/1/22,spices,5913.8,53727.4,28 C,78%
Malaysia,1/1/17,flowers,62538.5,1003536.5,27省C,81%
Malaysia,1/1/18,flowers,58817.7,997745.4,26 C,83%
Malaysia,1/1/19,flowers,62025.9,1020713.7,28 C,"	80%"
Malaysia,1/1/20,flowers,61613.6,1030064.1,29 C,81%
Malaysia,1/1/21,flowers,65911,1088038.6,27 C,77%
Malaysia,1/1/22,flowers,68111.6,1163793.3,28 C,78%
Johor,1/1/17,cash_crops,3780.3,42424.1,28 C,77%
Johor,1/1/18,cash_crops,3483.7,43420.4,27 C,77%
Johor,1/1/19,cash_crops,3007.5,38566.7,29 C,75%
Johor,1/1/20,cash_crops,3056.2,42963,28 C,77%
Johor,1/1/21,cash_crops,3522.4,47538.7,26 C,83%
Johor,1/1/22,cash_crops,3397.3,46960,28 C,73%
Johor,1/1/17,coconut,14931.6,107731,28 C,77%
Johor,1/1/18,coconut,12949.7,95495.7,27 C,77%
Johor,1/1/19,coconut,10762.9,99375.1,29 C,75%
Johor,1/1/20,coconut,11887,106723.2,28 C,77%
Johor,1/1/21,coconut,12380.5,118278.2,26 C,83%
Johor,1/1/22,coconut,13269.8,124062.2,28 C,73%
Johor,1/1/17,vegetables,1455.2,245074825,28 C,77%
Johor,1/1/18,vegetables,1481.4,249486172,27 C,77%
Johor,1/1/19,vegetables,1509.6,254226409,29 C,75%
Johor,1/1/20,vegetables,1467.3,193720524,28 C,77%
Johor,1/1/21,vegetables,1442.4,164836794,26 C,83%
Johor,1/1/22,vegetables,1461.1,168133530,28 C,73%
Johor,1/1/17,fruits,59264.8,603693,28 C,77%
Johor,1/1/18,fruits,46698.3,567300.8,27 C,77%
Johor,1/1/19,fruits,41504.2,543387.3,29 C,75%
Johor,1/1/20,fruits,44779,557842.7,28 C,77%
Johor,1/1/21,fruits,50231.6,631711.1,26 C,83%
Johor,1/1/22,fruits,50217,772317.4,28 C,73%
Johor,1/1/17,herbs,394.8,2316.5,28 C,77%
Johor,1/1/18,herbs,453.4,3060.2,27 C,77%
Johor,1/1/19,herbs,189.7,1936.3,29 C,75%
Johor,1/1/20,herbs,179,2586.1,28 C,77%
Johor,1/1/21,herbs,266.8,2642.8,26 C,83%
Johor,1/1/22,herbs,256.2,2722.4,28 C,73%
Johor,1/1/17,industrial_crops,16161,117769.7,28 C,77%
Johor,1/1/18,industrial_crops,13625.3,98700,27 C,77%
Johor,1/1/19,industrial_crops,11369.7,102455,29 C,75%
Johor,1/1/20,industrial_crops,12463.1,110575.5,28 C,77%
Johor,1/1/21,industrial_crops,12975.7,123560.5,26 C,83%
Johor,1/1/22,industrial_crops,13820.5,128173.1,28 C,73%
Johor,1/1/17,paddy,3000,8563,28 C,77%
Johor,1/1/18,paddy,2866,9424,27 C,77%
Johor,1/1/19,paddy,2555,7704,29 C,75%
Johor,1/1/20,paddy,2547,7502,28 C,77%
Johor,1/1/21,paddy,2505,9031,26 C,83%
Johor,1/1/22,paddy,2776,10832,28 C,73%
Johor,1/1/17,spices,1507.6,14532.3,28 C,77%
Johor,1/1/18,spices,999,11548.8,27 C,77%
Johor,1/1/19,spices,962,13679.7,29 C,"	75%"
Johor,1/1/20,spices,1211.6,15368.5,28 C,77%
Johor,1/1/21,spices,1645.5,18401.5,26 C,83%
Johor,1/1/22,spices,1568,17925.1,28 C,73%
Johor,1/1/17,flowers,16117.2,203846,28 C,77%
Johor,1/1/18,flowers,14502.9,198459.8,27 C,77%
Johor,1/1/19,flowers,15359.3,203996.5,29 C,75%
Johor,1/1/20,flowers,14843.7,208260.3,28 C,77%
Johor,1/1/21,flowers,17186.9,242213.7,26 C,83%
Johor,1/1/22,flowers,17188.3,245330.4,28 C,73%
Kedah,1/1/17,cash_crops,760.4,5439.2,27 C,80%
Kedah,1/1/18,cash_crops,662.3,5429.3,27 C,80%
Kedah,1/1/19,cash_crops,611.8,5341,28 C,"	72%"
Kedah,1/1/20,cash_crops,579.5,3318.3,29 C,"	72%"
Kedah,1/1/21,cash_crops,517.1,4093.7,27 C,75%
Kedah,1/1/22,cash_crops,496.2,4462.4,28 C,75%
Kedah,1/1/17,coconut,1289.4,5754.5,27 C,80%
Kedah,1/1/18,coconut,897,6558.9,27 C,80%
Kedah,1/1/19,coconut,995.7,5131.3,28 C,"	72%"
Kedah,1/1/20,coconut,2155.1,10046.3,29 C,"	72%"
Kedah,1/1/21,coconut,1854.4,10185.3,27 C,75%
Kedah,1/1/22,coconut,1773.7,31787.5,28 C,75%
Kedah,1/1/17,vegetables,33.9,746350,27 C,80%
Kedah,1/1/18,vegetables,34.5,759785,27 C,80%
Kedah,1/1/19,vegetables,35.2,774221,28 C,"	72%"
Kedah,1/1/20,vegetables,34.2,589956,29 C,"	72%"
Kedah,1/1/21,vegetables,40.9,724037,27 C,75%
Kedah,1/1/22,vegetables,40.5,718245,28 C,75%
Kedah,1/1/17,fruits,10687,49420.8,27 C,80%
Kedah,1/1/18,fruits,11972.4,69874,27 C,80%
Kedah,1/1/19,fruits,11242,71440.5,28 C,"	72%"
Kedah,1/1/20,fruits,11175.4,61839.5,29 C,"	72%"
Kedah,1/1/21,fruits,9733.8,73092.9,27 C,75%
Kedah,1/1/22,fruits,9762.2,96009.6,28 C,75%
Kedah,1/1/17,herbs,169.8,563,27 C,80%
Kedah,1/1/18,herbs,175,532.6,27 C,80%
Kedah,1/1/19,herbs,174.9,442.7,28 C,"	72%"
Kedah,1/1/20,herbs,196.4,367.2,29 C,"	72%"
Kedah,1/1/21,herbs,103.5,319.7,27 C,75%
Kedah,1/1/22,herbs,176.5,282.7,28 C,75%
Kedah,1/1/17,industrial_crops,2378.1,8081.6,27 C,80%
Kedah,1/1/18,industrial_crops,1178.6,8929.7,27 C,80%
Kedah,1/1/19,industrial_crops,1248.4,8448.9,28 C,"	72%"
Kedah,1/1/20,industrial_crops,2440.4,12265.2,29 C,"	72%"
Kedah,1/1/21,industrial_crops,2119.7,12885.6,27 C,75%
Kedah,1/1/22,industrial_crops,2051.5,35503.6,28 C,75%
Kedah,1/1/17,paddy,214585,939308,27 C,80%
Kedah,1/1/18,paddy,214592,955662,27 C,80%
Kedah,1/1/19,paddy,214252,859018,28 C,"	72%"
Kedah,1/1/20,paddy,214328,914200,29 C,"	72%"
Kedah,1/1/21,paddy,214880,906692,27 C,75%
Kedah,1/1/22,paddy,213718,834901,28 C,75%
Kedah,1/1/17,spices,651.5,1383.3,27 C,80%
Kedah,1/1/18,spices,562.5,1440.9,27 C,80%
Kedah,1/1/19,spices,548.2,1302.6,28 C,"	72%"
Kedah,1/1/20,spices,577.9,971.5,29 C,"	72%"
Kedah,1/1/21,spices,351.6,965.3,27 C,75%
Kedah,1/1/22,spices,419.9,2166.5,28 C,75%
Kedah,1/1/17,flowers,1691.9,17111.7,27 C,80%
Kedah,1/1/18,flowers,1345.9,14115,27 C,80%
Kedah,1/1/19,flowers,1631.3,16823.1,28 C,"	72%"
Kedah,1/1/20,flowers,1555,12790.5,29 C,"	72%"
Kedah,1/1/21,flowers,1317.8,12909.6,27 C,75%
Kedah,1/1/22,flowers,1051.2,15812.1,28 C,75%
Kelantan,1/1/17,cash_crops,1099.7,13133.7,27 C,86%
Kelantan,1/1/18,cash_crops,1239.1,14079,26 C,"	88%"
Kelantan,1/1/19,cash_crops,1469.4,16657.5,27 C,82%
Kelantan,1/1/20,cash_crops,1727,20770.6,27 C,"	81%"
Kelantan,1/1/21,cash_crops,1666.6,20735.8,"	26 C",82%
Kelantan,1/1/22,cash_crops,1597.7,18574.6,26 C,83%
Kelantan,1/1/17,coconut,7115.7,60008.6,27 C,86%
Kelantan,1/1/18,coconut,9542.1,73676,26 C,"	88%"
Kelantan,1/1/19,coconut,9978.7,77807.1,27 C,82%
Kelantan,1/1/20,coconut,10398.9,79953.4,27 C,"	81%"
Kelantan,1/1/21,coconut,10340.3,76673.8,"	26 C",82%
Kelantan,1/1/22,coconut,11435.6,77467,26 C,83%
Kelantan,1/1/17,vegetables,34.9,4695479,27 C,86%
Kelantan,1/1/18,vegetables,35.6,4779998,26 C,"	88%"
Kelantan,1/1/19,vegetables,36.2,4870818,27 C,82%
Kelantan,1/1/20,vegetables,35.2,3711563,27 C,"	81%"
Kelantan,1/1/21,vegetables,35.6,3958011,"	26 C",82%
Kelantan,1/1/22,vegetables,35.9,4013423,26 C,83%
Kelantan,1/1/17,fruits,17263.5,88107.3,27 C,86%
Kelantan,1/1/18,fruits,18880.6,132629.3,26 C,"	88%"
Kelantan,1/1/19,fruits,19573.3,139396.2,27 C,82%
Kelantan,1/1/20,fruits,20712.3,141461.8,27 C,"	81%"
Kelantan,1/1/21,fruits,19759.7,145161.2,"	26 C",82%
Kelantan,1/1/22,fruits,21326.5,134277.4,26 C,83%
Kelantan,1/1/17,herbs,122.8,645.2,27 C,86%
Kelantan,1/1/18,herbs,129.7,969.1,26 C,"	88%"
Kelantan,1/1/19,herbs,135.7,793.8,27 C,82%
Kelantan,1/1/20,herbs,160.3,802,27 C,"	81%"
Kelantan,1/1/21,herbs,133.5,709.7,"	26 C",82%
Kelantan,1/1/22,herbs,161.8,786.4,26 C,83%
Kelantan,1/1/17,industrial_crops,7274.4,60592.7,27 C,86%
Kelantan,1/1/18,industrial_crops,10048.1,74053.1,26 C,"	88%"
Kelantan,1/1/19,industrial_crops,10391.3,78301.7,27 C,82%
Kelantan,1/1/20,industrial_crops,10863.9,80897.9,27 C,"	81%"
Kelantan,1/1/21,industrial_crops,10466.6,77236,"	26 C",82%
Kelantan,1/1/22,industrial_crops,11593.7,78070.5,26 C,83%
Kelantan,1/1/17,paddy,74531,309582,27 C,86%
Kelantan,1/1/18,paddy,74149,319774,26 C,"	88%"
Kelantan,1/1/19,paddy,71240,268831,27 C,82%
Kelantan,1/1/20,paddy,73717,305675,27 C,"	81%"
Kelantan,1/1/21,paddy,74972,333868,"	26 C",82%
Kelantan,1/1/22,paddy,74017,272633,26 C,83%
Kelantan,1/1/17,spices,607.5,4399.3,27 C,86%
Kelantan,1/1/18,spices,571.8,4462.1,26 C,"	88%"
Kelantan,1/1/19,spices,569.3,4157.2,27 C,82%
Kelantan,1/1/20,spices,514.4,4903.1,27 C,"	81%"
Kelantan,1/1/21,spices,532.7,4428.4,"	26 C",82%
Kelantan,1/1/22,spices,583,4730.9,26 C,83%
Kelantan,1/1/17,flowers,3808.9,116909.8,27 C,86%
Kelantan,1/1/18,flowers,4311.6,125499.9,26 C,"	88%"
Kelantan,1/1/19,flowers,4639.5,132188.2,27 C,82%
Kelantan,1/1/20,flowers,4511.6,128327.4,27 C,"	81%"
Kelantan,1/1/21,flowers,4640.7,132052.7,"	26 C",82%
Kelantan,1/1/22,flowers,4892.1,137912.7,26 C,83%
Melaka,1/1/17,cash_crops,551.2,5457.2,"	27 C","	84%"
Melaka,1/1/18,cash_crops,495.5,3828.3,26 C,"	85%"
Melaka,1/1/19,cash_crops,387.6,3192.5,28 C,78%
Melaka,1/1/20,cash_crops,314.9,2546.6,28 C,"	74%"
Melaka,1/1/21,cash_crops,558.7,2882.3,26 C,82%
Melaka,1/1/22,cash_crops,398.4,3120,27 C,77%
Melaka,1/1/17,coconut,1455.9,10393.5,"	27 C","	84%"
Melaka,1/1/18,coconut,1779.8,10972.9,26 C,"	85%"
Melaka,1/1/19,coconut,1530.3,9195.8,28 C,78%
Melaka,1/1/20,coconut,2923.4,19376.2,28 C,"	74%"
Melaka,1/1/21,coconut,2189.3,14040.2,26 C,82%
Melaka,1/1/22,coconut,3013.8,20659.9,27 C,77%
Melaka,1/1/17,vegetables,33.9,639502,"	27 C","	84%"
Melaka,1/1/18,vegetables,34.5,651013,26 C,"	85%"
Melaka,1/1/19,vegetables,35.2,663382,28 C,78%
Melaka,1/1/20,vegetables,34.2,505497,28 C,"	74%"
Melaka,1/1/21,vegetables,38.3,647085,26 C,82%
Melaka,1/1/22,vegetables,38,643850,27 C,77%
Melaka,1/1/17,fruits,3587.7,31383.1,"	27 C","	84%"
Melaka,1/1/18,fruits,3328.9,23245.4,26 C,"	85%"
Melaka,1/1/19,fruits,3025.4,15435.1,28 C,78%
Melaka,1/1/20,fruits,4539.8,24708,28 C,"	74%"
Melaka,1/1/21,fruits,2861.9,19133.9,26 C,82%
Melaka,1/1/22,fruits,5631.5,28518.7,27 C,77%
Melaka,1/1/17,herbs,26.5,235.3,"	27 C","	84%"
Melaka,1/1/18,herbs,9.3,103.1,26 C,"	85%"
Melaka,1/1/19,herbs,3.4,58.7,28 C,78%
Melaka,1/1/20,herbs,12.4,53.8,28 C,"	74%"
Melaka,1/1/21,herbs,5.3,61.7,26 C,82%
Melaka,1/1/22,herbs,14.4,59.3,27 C,77%
Melaka,1/1/17,industrial_crops,1478.2,10511.2,"	27 C","	84%"
Melaka,1/1/18,industrial_crops,1806.3,11106.7,26 C,"	85%"
Melaka,1/1/19,industrial_crops,1565.2,9351.9,28 C,78%
Melaka,1/1/20,industrial_crops,2958.3,19699.8,28 C,"	74%"
Melaka,1/1/21,industrial_crops,2227.4,14265.1,26 C,82%
Melaka,1/1/22,industrial_crops,3065.4,20882.7,27 C,77%
Melaka,1/1/17,paddy,3510,12135,"	27 C","	84%"
Melaka,1/1/18,paddy,3135,9352,26 C,"	85%"
Melaka,1/1/19,paddy,3360,9323,28 C,78%
Melaka,1/1/20,paddy,3360,8550,28 C,"	74%"
Melaka,1/1/21,paddy,3462,10287,26 C,82%
Melaka,1/1/22,paddy,3318,10314,27 C,77%
Melaka,1/1/17,spices,85.4,1348.9,"	27 C","	84%"
Melaka,1/1/18,spices,128.7,1063.4,26 C,"	85%"
Melaka,1/1/19,spices,122.9,659.2,28 C,78%
Melaka,1/1/20,spices,135.3,705.9,28 C,"	74%"
Melaka,1/1/21,spices,62.1,460.2,26 C,82%
Melaka,1/1/22,spices,102.2,798.9,27 C,77%
Melaka,1/1/17,flowers,1350.3,17606.3,"	27 C","	84%"
Melaka,1/1/18,flowers,1246.5,17948.3,26 C,"	85%"
Melaka,1/1/19,flowers,1059.3,15062.4,28 C,78%
Melaka,1/1/20,flowers,940.6,13222.4,28 C,"	74%"
Melaka,1/1/21,flowers,769.2,10940.5,26 C,82%
Melaka,1/1/22,flowers,748.5,12181.4,27 C,77%
Negeri Sembilan,1/1/17,cash_crops,303.3,3630.6,27 C,81%
Negeri Sembilan,1/1/18,cash_crops,407.3,4153.5,"26 C	",83%
Negeri Sembilan,1/1/19,cash_crops,437.9,4919.1,"	28 C","	80%"
Negeri Sembilan,1/1/20,cash_crops,289.8,3621.6,"	28 C",81%
Negeri Sembilan,1/1/21,cash_crops,432.1,5200.8,27 C,77%
Negeri Sembilan,1/1/22,cash_crops,446.4,5315.4,"	28 C",78%
Negeri Sembilan,1/1/17,coconut,1476.2,11932.1,27 C,81%
Negeri Sembilan,1/1/18,coconut,1362.5,11689,"26 C	",83%
Negeri Sembilan,1/1/19,coconut,1290.3,12768.3,"	28 C","	80%"
Negeri Sembilan,1/1/20,coconut,1346.7,12841.4,"	28 C",81%
Negeri Sembilan,1/1/21,coconut,1500.5,13856.9,27 C,77%
Negeri Sembilan,1/1/22,coconut,1491.2,14521.2,"	28 C",78%
Negeri Sembilan,1/1/17,vegetables,22,3472390,27 C,81%
Negeri Sembilan,1/1/18,vegetables,22.4,3534893,"26 C	",83%
Negeri Sembilan,1/1/19,vegetables,22.8,3602056,"	28 C","	80%"
Negeri Sembilan,1/1/20,vegetables,22.1,2744766,"	28 C",81%
Negeri Sembilan,1/1/21,vegetables,23.2,2752960,27 C,77%
Negeri Sembilan,1/1/22,vegetables,23.5,2797007,"	28 C",78%
Negeri Sembilan,1/1/17,fruits,5789.9,45220.9,27 C,81%
Negeri Sembilan,1/1/18,fruits,5687.5,57281.3,"26 C	",83%
Negeri Sembilan,1/1/19,fruits,5552.7,64512,"	28 C","	80%"
Negeri Sembilan,1/1/20,fruits,5384.8,66524.5,"	28 C",81%
Negeri Sembilan,1/1/21,fruits,5572,68549.3,27 C,77%
Negeri Sembilan,1/1/22,fruits,6107.7,68198.9,"	28 C",78%
Negeri Sembilan,1/1/17,herbs,41.1,88,27 C,81%
Negeri Sembilan,1/1/18,herbs,7.3,49.7,"26 C	",83%
Negeri Sembilan,1/1/19,herbs,4.5,8.6,"	28 C","	80%"
Negeri Sembilan,1/1/20,herbs,3,21.2,"	28 C",81%
Negeri Sembilan,1/1/21,herbs,15.6,53.7,27 C,77%
Negeri Sembilan,1/1/22,herbs,18.2,104.7,"	28 C",78%
Negeri Sembilan,1/1/17,industrial_crops,1547,12608.9,27 C,81%
Negeri Sembilan,1/1/18,industrial_crops,1406.1,12330.7,"26 C	",83%
Negeri Sembilan,1/1/19,industrial_crops,1326.8,13340.2,"	28 C","	80%"
Negeri Sembilan,1/1/20,industrial_crops,1394.4,13509.4,"	28 C",81%
Negeri Sembilan,1/1/21,industrial_crops,1563,14678.7,27 C,77%
Negeri Sembilan,1/1/22,industrial_crops,1554.7,15170.3,"	28 C",78%
Negeri Sembilan,1/1/17,paddy,2040,10261,27 C,81%
Negeri Sembilan,1/1/18,paddy,1896,7504,"26 C	",83%
Negeri Sembilan,1/1/19,paddy,1936,7670,"	28 C","	80%"
Negeri Sembilan,1/1/20,paddy,1989,8942,"	28 C",81%
Negeri Sembilan,1/1/21,paddy,1480,4662,27 C,77%
Negeri Sembilan,1/1/22,paddy,1313,4941,"	28 C",78%
Negeri Sembilan,1/1/17,spices,379.4,2597.1,27 C,81%
Negeri Sembilan,1/1/18,spices,223.8,2692.6,"26 C	",83%
Negeri Sembilan,1/1/19,spices,252.2,3653.2,"	28 C","	80%"
Negeri Sembilan,1/1/20,spices,412.7,5420,"	28 C",81%
Negeri Sembilan,1/1/21,spices,528.3,7078.2,27 C,77%
Negeri Sembilan,1/1/22,spices,341.9,4674,"	28 C",78%
Negeri Sembilan,1/1/17,flowers,1556,22026.3,27 C,81%
Negeri Sembilan,1/1/18,flowers,1519.5,21190.2,"26 C	",83%
Negeri Sembilan,1/1/19,flowers,1751.3,24419.1,"	28 C","	80%"
Negeri Sembilan,1/1/20,flowers,1757.5,23393.2,"	28 C",81%
Negeri Sembilan,1/1/21,flowers,1719.7,21367.5,27 C,77%
Negeri Sembilan,1/1/22,flowers,1791.5,21022.5,"	28 C",78%
Pahang,1/1/17,cash_crops,1497.4,11895.9,"	26 C",93%
Pahang,1/1/18,cash_crops,1185,8956.2,25 C,93%
Pahang,1/1/19,cash_crops,943.1,6446.5,"	26 C",88%
Pahang,1/1/20,cash_crops,1013.2,6452.1,"	27 C",83%
Pahang,1/1/21,cash_crops,1084.7,7743.5,25 C,86%
Pahang,1/1/22,cash_crops,943.4,8412.1,26 C,81%
Pahang,1/1/17,coconut,4633.2,35196.6,"	26 C",93%
Pahang,1/1/18,coconut,4321.8,27059,25 C,93%
Pahang,1/1/19,coconut,4205.5,24263.2,"	26 C",88%
Pahang,1/1/20,coconut,3997.2,26915.8,"	27 C",83%
Pahang,1/1/21,coconut,3433,28180.5,25 C,86%
Pahang,1/1/22,coconut,2899.7,27270,26 C,81%
Pahang,1/1/17,vegetables,421.2,142585087,"	26 C",93%
Pahang,1/1/18,vegetables,428.8,145151619,25 C,93%
Pahang,1/1/19,vegetables,436.9,147909499,"	26 C",88%
Pahang,1/1/20,vegetables,424.7,112707039,"	27 C",83%
Pahang,1/1/21,vegetables,384.9,95169823,25 C,86%
Pahang,1/1/22,vegetables,393,97549069,26 C,81%
Pahang,1/1/17,fruits,33209.9,195934.8,"	26 C",93%
Pahang,1/1/18,fruits,26323.1,208730.9,25 C,93%
Pahang,1/1/19,fruits,22760.7,200044.8,"	26 C",88%
Pahang,1/1/20,fruits,24836.8,201494.6,"	27 C",83%
Pahang,1/1/21,fruits,25679.1,244209,25 C,86%
Pahang,1/1/22,fruits,27331.1,271797.9,26 C,81%
Pahang,1/1/17,herbs,363.6,2260.8,"	26 C",93%
Pahang,1/1/18,herbs,404.2,2438.8,25 C,93%
Pahang,1/1/19,herbs,218,757.4,"	26 C",88%
Pahang,1/1/20,herbs,162.4,634.9,"	27 C",83%
Pahang,1/1/21,herbs,220.5,396.8,25 C,86%
Pahang,1/1/22,herbs,164.3,923.1,26 C,81%
Pahang,1/1/17,industrial_crops,6871.1,45421.8,"	26 C",93%
Pahang,1/1/18,industrial_crops,6234.6,37202,25 C,93%
Pahang,1/1/19,industrial_crops,5349,29858.7,"	26 C",88%
Pahang,1/1/20,industrial_crops,5795.5,35934.5,"	27 C",83%
Pahang,1/1/21,industrial_crops,5427.3,34941.4,25 C,86%
Pahang,1/1/22,industrial_crops,4885.8,43331.6,26 C,81%
Pahang,1/1/17,paddy,13006,28434,"	26 C",93%
Pahang,1/1/18,paddy,12300,34657,25 C,93%
Pahang,1/1/19,paddy,12435,31234,"	26 C",88%
Pahang,1/1/20,paddy,10572,35524,"	27 C",83%
Pahang,1/1/21,paddy,13639,50866,25 C,86%
Pahang,1/1/22,paddy,13757,51185,26 C,81%
Pahang,1/1/17,spices,2115.8,18341.5,"	26 C",93%
Pahang,1/1/18,spices,2105.6,18109.9,25 C,93%
Pahang,1/1/19,spices,1569.8,13226.8,"	26 C",88%
Pahang,1/1/20,spices,1385.3,12147.3,"	27 C",83%
Pahang,1/1/21,spices,1044.8,8619.4,25 C,86%
Pahang,1/1/22,spices,1081.2,10571.9,26 C,81%
Pahang,1/1/17,flowers,17173.1,355743.9,"	26 C",93%
Pahang,1/1/18,flowers,15840.6,368063,25 C,93%
Pahang,1/1/19,flowers,15181,335935,"	26 C",88%
Pahang,1/1/20,flowers,15967.3,361971.3,"	27 C",83%
Pahang,1/1/21,flowers,18159.1,381530.1,25 C,86%
Pahang,1/1/22,flowers,21391.2,455641.4,26 C,81%
Perak,1/1/17,cash_crops,4119.9,68209.1,27 C,86%
Perak,1/1/18,cash_crops,5262.3,85883.3,26 C,"	89%"
Perak,1/1/19,cash_crops,5187.2,92392.5,28 C,83%
Perak,1/1/20,cash_crops,5072.2,89080.8,28 C,82%
Perak,1/1/21,cash_crops,5607.9,97159.7,27 C,"	87%"
Perak,1/1/22,cash_crops,4620,79518.2,27 C,"	83%"
Perak,1/1/17,coconut,9337,82466.3,27 C,86%
Perak,1/1/18,coconut,7835.3,65900.6,26 C,"	89%"
Perak,1/1/19,coconut,7594.1,78644.3,28 C,83%
Perak,1/1/20,coconut,7522.8,71588.6,28 C,82%
Perak,1/1/21,coconut,7568.2,81288.4,27 C,"	87%"
Perak,1/1/22,coconut,7727.7,88291.6,27 C,"	83%"
Perak,1/1/17,vegetables,148.7,35271364,27 C,86%
Perak,1/1/18,vegetables,151.4,35906248,26 C,"	89%"
Perak,1/1/19,vegetables,154.3,36588467,28 C,83%
Perak,1/1/20,vegetables,150,27880412,28 C,82%
Perak,1/1/21,vegetables,147.4,24403724,27 C,"	87%"
Perak,1/1/22,vegetables,149.5,24842991,27 C,"	83%"
Perak,1/1/17,fruits,10914,106278.7,27 C,86%
Perak,1/1/18,fruits,11406.1,107891.4,26 C,"	89%"
Perak,1/1/19,fruits,11441.9,116374.2,28 C,83%
Perak,1/1/20,fruits,10310.8,97985.2,28 C,82%
Perak,1/1/21,fruits,11439.3,121457.8,27 C,"	87%"
Perak,1/1/22,fruits,11588.7,101488.2,27 C,"	83%"
Perak,1/1/17,herbs,377.6,1040.2,27 C,86%
Perak,1/1/18,herbs,594.5,1503.9,26 C,"	89%"
Perak,1/1/19,herbs,560.1,1027.6,28 C,83%
Perak,1/1/20,herbs,498.4,1016.4,28 C,82%
Perak,1/1/21,herbs,422.8,1305.6,27 C,"	87%"
Perak,1/1/22,herbs,457.9,1096.7,27 C,"	83%"
Perak,1/1/17,industrial_crops,9355.9,82842.1,27 C,86%
Perak,1/1/18,industrial_crops,7886.1,66301.4,26 C,"	89%"
Perak,1/1/19,industrial_crops,7674.7,79052.6,28 C,83%
Perak,1/1/20,industrial_crops,7589.9,71997.8,28 C,82%
Perak,1/1/21,industrial_crops,7640.9,81798.8,27 C,"	87%"
Perak,1/1/22,industrial_crops,7786.7,88839.5,27 C,"	83%"
Perak,1/1/17,paddy,81284,293715,27 C,86%
Perak,1/1/18,paddy,81699,292063,26 C,"	89%"
Perak,1/1/19,paddy,81380,257605,28 C,83%
Perak,1/1/20,paddy,76201,232437,28 C,82%
Perak,1/1/21,paddy,74949,244397,27 C,"	87%"
Perak,1/1/22,paddy,74594,269790,27 C,"	83%"
Perak,1/1/17,spices,374.4,4426.4,27 C,86%
Perak,1/1/18,spices,427.1,4645.8,26 C,"	89%"
Perak,1/1/19,spices,372.9,3741.3,28 C,83%
Perak,1/1/20,spices,358.5,3469.9,28 C,82%
Perak,1/1/21,spices,387.7,3668.7,27 C,"	87%"
Perak,1/1/22,spices,430.5,2923.1,27 C,"	83%"
Perak,1/1/17,flowers,6529.2,107265.8,27 C,86%
Perak,1/1/18,flowers,6512,103631.2,26 C,"	89%"
Perak,1/1/19,flowers,6628.2,116983.6,28 C,83%
Perak,1/1/20,flowers,7191.9,120423.8,28 C,82%
Perak,1/1/21,flowers,7190,125308.4,27 C,"	87%"
Perak,1/1/22,flowers,6702.4,116765.5,27 C,"	83%"
Perlis,1/1/17,cash_crops,12.8,122,26 C,"	86%"
Perlis,1/1/18,cash_crops,29.7,339.3,26 C,"	85%"
Perlis,1/1/19,cash_crops,17.8,188.5,27 C,80%
Perlis,1/1/20,cash_crops,10.2,87.4,27 C,"	77%"
Perlis,1/1/21,cash_crops,43.8,235.7,"	26 C",85%
Perlis,1/1/22,cash_crops,63.3,214.6,27 C,81%
Perlis,1/1/17,coconut,401.3,2749.4,26 C,"	86%"
Perlis,1/1/18,coconut,400.6,2529.3,26 C,"	85%"
Perlis,1/1/19,coconut,429.6,3405,27 C,80%
Perlis,1/1/20,coconut,400,3360,27 C,"	77%"
Perlis,1/1/21,coconut,391.1,3133.8,"	26 C",85%
Perlis,1/1/22,coconut,575.7,4813.9,27 C,81%
Perlis,1/1/17,vegetables,3,384508,26 C,"	86%"
Perlis,1/1/18,vegetables,3,391430,26 C,"	85%"
Perlis,1/1/19,vegetables,3.1,398867,27 C,80%
Perlis,1/1/20,vegetables,3,303936,27 C,"	77%"
Perlis,1/1/21,vegetables,3.1,329974,"	26 C",85%
Perlis,1/1/22,vegetables,3.2,330634,27 C,81%
Perlis,1/1/17,fruits,4120.8,27847.9,26 C,"	86%"
Perlis,1/1/18,fruits,3662.7,24316.9,26 C,"	85%"
Perlis,1/1/19,fruits,2895.5,10580.9,27 C,80%
Perlis,1/1/20,fruits,1957.1,8631.3,27 C,"	77%"
Perlis,1/1/21,fruits,1485.6,6575.4,"	26 C",85%
Perlis,1/1/22,fruits,2266.3,7744.2,27 C,81%
Perlis,1/1/17,herbs,0.3,4.6,26 C,"	86%"
Perlis,1/1/18,herbs,1.6,12.1,26 C,"	85%"
Perlis,1/1/19,herbs,2.1,18.2,27 C,80%
Perlis,1/1/20,herbs,3.5,20.3,27 C,"	77%"
Perlis,1/1/21,herbs,8.4,52.8,"	26 C",85%
Perlis,1/1/22,herbs,6.8,5.7,27 C,81%
Perlis,1/1/17,industrial_crops,402.5,2797.4,26 C,"	86%"
Perlis,1/1/18,industrial_crops,405.1,2592,26 C,"	85%"
Perlis,1/1/19,industrial_crops,445.8,3470,27 C,80%
Perlis,1/1/20,industrial_crops,410.4,3399.3,27 C,"	77%"
Perlis,1/1/21,industrial_crops,393,3149.4,"	26 C",85%
Perlis,1/1/22,industrial_crops,615.6,4883.8,27 C,81%
Perlis,1/1/17,paddy,51531,231328,26 C,"	86%"
Perlis,1/1/18,paddy,51612,240615,26 C,"	85%"
Perlis,1/1/19,paddy,51612,209828,27 C,80%
Perlis,1/1/20,paddy,51598,203275,27 C,"	77%"
Perlis,1/1/21,paddy,60478,256034,"	26 C",85%
Perlis,1/1/22,paddy,60470,233781,27 C,81%
Perlis,1/1/17,spices,0.8,3.3,26 C,"	86%"
Perlis,1/1/18,spices,2.3,16.3,26 C,"	85%"
Perlis,1/1/19,spices,2.1,13,27 C,80%
Perlis,1/1/20,spices,0,0,27 C,"	77%"
Perlis,1/1/21,spices,0,0,"	26 C",85%
Perlis,1/1/22,spices,18,40.1,27 C,81%
Perlis,1/1/17,flowers,99.1,1288.1,26 C,"	86%"
Perlis,1/1/18,flowers,155.3,2206.3,26 C,"	85%"
Perlis,1/1/19,flowers,320.3,2350,27 C,80%
Perlis,1/1/20,flowers,265.6,2023.4,27 C,"	77%"
Perlis,1/1/21,flowers,403.6,1839.5,"	26 C",85%
Perlis,1/1/22,flowers,542.9,2310,27 C,81%
Pulau Pinang,1/1/17,cash_crops,91.4,834.5,27 C,82%
Pulau Pinang,1/1/18,cash_crops,123.8,1056.3,27 C,81%
Pulau Pinang,1/1/19,cash_crops,168.1,1656.3,29 C,"	71%"
Pulau Pinang,1/1/20,cash_crops,170.3,1674.7,29 C,70%
Pulau Pinang,1/1/21,cash_crops,197.9,1955.7,27 C,"	77%"
Pulau Pinang,1/1/22,cash_crops,157,1668.7,29 C,"	69%"
Pulau Pinang,1/1/17,coconut,48.5,248.4,27 C,82%
Pulau Pinang,1/1/18,coconut,37,227.8,27 C,81%
Pulau Pinang,1/1/19,coconut,40.2,263.1,29 C,"	71%"
Pulau Pinang,1/1/20,coconut,45,245.6,29 C,70%
Pulau Pinang,1/1/21,coconut,35.7,246.5,27 C,"	77%"
Pulau Pinang,1/1/22,coconut,12.3,77.8,29 C,"	69%"
Pulau Pinang,1/1/17,vegetables,4,92626,27 C,82%
Pulau Pinang,1/1/18,vegetables,4.1,94293,27 C,81%
Pulau Pinang,1/1/19,vegetables,4.1,96085,29 C,"	71%"
Pulau Pinang,1/1/20,vegetables,4,73217,29 C,70%
Pulau Pinang,1/1/21,vegetables,4.4,88480,27 C,"	77%"
Pulau Pinang,1/1/22,vegetables,4.5,89985,29 C,"	69%"
Pulau Pinang,1/1/17,fruits,2529.4,16590.8,27 C,82%
Pulau Pinang,1/1/18,fruits,2452.5,18214.8,27 C,81%
Pulau Pinang,1/1/19,fruits,2542.9,24072.2,29 C,"	71%"
Pulau Pinang,1/1/20,fruits,2619.5,23743.2,29 C,70%
Pulau Pinang,1/1/21,fruits,2525.4,22688.1,27 C,"	77%"
Pulau Pinang,1/1/22,fruits,2536.7,23911.1,29 C,"	69%"
Pulau Pinang,1/1/17,herbs,0.4,5.4,27 C,82%
Pulau Pinang,1/1/18,herbs,0,0,27 C,81%
Pulau Pinang,1/1/19,herbs,0,0,29 C,"	71%"
Pulau Pinang,1/1/20,herbs,0.1,0.8,29 C,70%
Pulau Pinang,1/1/21,herbs,0.5,2.1,27 C,"	77%"
Pulau Pinang,1/1/22,herbs,0.7,4.3,29 C,"	69%"
Pulau Pinang,1/1/17,industrial_crops,58.6,377.4,27 C,82%
Pulau Pinang,1/1/18,industrial_crops,44.7,264.3,27 C,81%
Pulau Pinang,1/1/19,industrial_crops,44.1,280.8,29 C,"	71%"
Pulau Pinang,1/1/20,industrial_crops,47.7,261.6,29 C,70%
Pulau Pinang,1/1/21,industrial_crops,40.3,278.8,27 C,"	77%"
Pulau Pinang,1/1/22,industrial_crops,14.1,86.9,29 C,"	69%"
Pulau Pinang,1/1/17,paddy,25564,146660,27 C,82%
Pulau Pinang,1/1/18,paddy,25564,133636,27 C,81%
Pulau Pinang,1/1/19,paddy,25564,128127,29 C,"	71%"
Pulau Pinang,1/1/20,paddy,24210,121594,29 C,70%
Pulau Pinang,1/1/21,paddy,24210,136919,27 C,"	77%"
Pulau Pinang,1/1/22,paddy,24210,122321,29 C,"	69%"
Pulau Pinang,1/1/17,spices,39.7,297.3,27 C,82%
Pulau Pinang,1/1/18,spices,40.6,242,27 C,81%
Pulau Pinang,1/1/19,spices,31.8,172.5,29 C,"	71%"
Pulau Pinang,1/1/20,spices,30.1,289.6,29 C,70%
Pulau Pinang,1/1/21,spices,42.8,282.2,27 C,"	77%"
Pulau Pinang,1/1/22,spices,35.6,285.6,29 C,"	69%"
Pulau Pinang,1/1/17,flowers,821,11218.1,27 C,82%
Pulau Pinang,1/1/18,flowers,923.4,10711.7,27 C,81%
Pulau Pinang,1/1/19,flowers,935.5,10985.8,29 C,"	71%"
Pulau Pinang,1/1/20,flowers,813.3,10323.6,29 C,70%
Pulau Pinang,1/1/21,flowers,996.6,12154.5,27 C,"	77%"
Pulau Pinang,1/1/22,flowers,687.1,8653.9,29 C,"	69%"
Sabah,1/1/17,cash_crops,2048.9,12515.7,28 C,81%
Sabah,1/1/18,cash_crops,1212.6,10465,27 C,"	86%"
Sabah,1/1/19,cash_crops,1482.7,14580.2,"	28 C",82%
Sabah,1/1/20,cash_crops,1298.4,11209.7,"	28 C","	81%"
Sabah,1/1/21,cash_crops,1323.7,11143.9,26 C,88%
Sabah,1/1/22,cash_crops,1485.6,10526,"	27 C",84%
Sabah,1/1/17,coconut,16726.2,49335.3,28 C,81%
Sabah,1/1/18,coconut,16968.4,50477.5,27 C,"	86%"
Sabah,1/1/19,coconut,17041,55337.1,"	28 C",82%
Sabah,1/1/20,coconut,17274.7,57392.1,"	28 C","	81%"
Sabah,1/1/21,coconut,18257.7,59214.8,26 C,88%
Sabah,1/1/22,coconut,18631.8,61517.9,"	27 C",84%
Sabah,1/1/17,vegetables,59.9,7976625,28 C,81%
Sabah,1/1/18,vegetables,61,8120204,27 C,"	86%"
Sabah,1/1/19,vegetables,62.1,8274488,"	28 C",82%
Sabah,1/1/20,vegetables,60.4,6305160,"	28 C","	81%"
Sabah,1/1/21,vegetables,62.7,6662662,26 C,88%
Sabah,1/1/22,vegetables,63.5,6782590,"	27 C",84%
Sabah,1/1/17,fruits,17592.5,108917.5,28 C,81%
Sabah,1/1/18,fruits,18093.2,108138.7,27 C,"	86%"
Sabah,1/1/19,fruits,18484,127771.1,"	28 C",82%
Sabah,1/1/20,fruits,19112.5,123396.6,"	28 C","	81%"
Sabah,1/1/21,fruits,20301.3,123132.2,26 C,88%
Sabah,1/1/22,fruits,20922.2,106700,"	27 C",84%
Sabah,1/1/17,herbs,0,0,28 C,81%
Sabah,1/1/18,herbs,0,0,27 C,"	86%"
Sabah,1/1/19,herbs,1.2,0.9,"	28 C",82%
Sabah,1/1/20,herbs,1.2,0.4,"	28 C","	81%"
Sabah,1/1/21,herbs,1.2,0.4,26 C,88%
Sabah,1/1/22,herbs,6.2,0,"	27 C",84%
Sabah,1/1/17,industrial_crops,18990.1,54902.3,28 C,81%
Sabah,1/1/18,industrial_crops,19388,55713.9,27 C,"	86%"
Sabah,1/1/19,industrial_crops,19501.6,60823.8,"	28 C",82%
Sabah,1/1/20,industrial_crops,19287.6,61436.4,"	28 C","	81%"
Sabah,1/1/21,industrial_crops,20336,62926.4,26 C,88%
Sabah,1/1/22,industrial_crops,20836.1,64810.3,"	27 C",84%
Sabah,1/1/17,paddy,42157,110936,28 C,81%
Sabah,1/1/18,paddy,42442,122390,27 C,"	86%"
Sabah,1/1/19,paddy,43546,112569,"	28 C",82%
Sabah,1/1/20,paddy,40446,117846,"	28 C","	81%"
Sabah,1/1/21,paddy,38732,112284,26 C,88%
Sabah,1/1/22,paddy,37323,107565,"	27 C",84%
Sabah,1/1/17,spices,461.6,2386.8,28 C,81%
Sabah,1/1/18,spices,398.8,2193.2,27 C,"	86%"
Sabah,1/1/19,spices,387,2442.2,"	28 C",82%
Sabah,1/1/20,spices,463.1,2536.2,"	28 C","	81%"
Sabah,1/1/21,spices,430.5,2744.8,26 C,88%
Sabah,1/1/22,spices,452.1,2921.6,"	27 C",84%
Sabah,1/1/17,flowers,4350.7,43623.7,28 C,81%
Sabah,1/1/18,flowers,4348.4,42767,27 C,"	86%"
Sabah,1/1/19,flowers,4541.9,46227.3,"	28 C",82%
Sabah,1/1/20,flowers,4363.8,43271.7,"	28 C","	81%"
Sabah,1/1/21,flowers,4160.9,41448.8,26 C,88%
Sabah,1/1/22,flowers,4353.1,46681.9,"	27 C",84%
Sarawak,1/1/17,cash_crops,4533.3,27179.8,27 C,87%
Sarawak,1/1/18,cash_crops,3078.8,14335.9,26 C,88%
Sarawak,1/1/19,cash_crops,1789,16805.9,27 C,"	87%"
Sarawak,1/1/20,cash_crops,4108.1,25114.6,27 C,"	89%"
Sarawak,1/1/21,cash_crops,3780.1,24524.4,"	26 C",91%
Sarawak,1/1/22,cash_crops,3705.3,23436,26 C,89%
Sarawak,1/1/17,coconut,12635.1,30627.8,27 C,87%
Sarawak,1/1/18,coconut,13258.7,30113.5,26 C,88%
Sarawak,1/1/19,coconut,12401.1,54023.3,27 C,"	87%"
Sarawak,1/1/20,coconut,12003.3,51490.3,27 C,"	89%"
Sarawak,1/1/21,coconut,11947.8,24139.1,"	26 C",91%
Sarawak,1/1/22,coconut,12100.3,24522.3,26 C,89%
Sarawak,1/1/17,vegetables,72.9,1208083,27 C,87%
Sarawak,1/1/18,vegetables,74.2,1229829,26 C,88%
Sarawak,1/1/19,vegetables,75.6,1253195,27 C,"	87%"
Sarawak,1/1/20,vegetables,73.5,954935,27 C,"	89%"
Sarawak,1/1/21,vegetables,76.2,1009080,"	26 C",91%
Sarawak,1/1/22,vegetables,77.1,1025225,26 C,89%
Sarawak,1/1/17,fruits,35248.7,150688.5,27 C,87%
Sarawak,1/1/18,fruits,37078.3,141047.3,26 C,88%
Sarawak,1/1/19,fruits,35769.8,160713.7,27 C,"	87%"
Sarawak,1/1/20,fruits,36868.7,174313.9,27 C,"	89%"
Sarawak,1/1/21,fruits,36814.1,145573,"	26 C",91%
Sarawak,1/1/22,fruits,36397.5,147922.3,26 C,89%
Sarawak,1/1/17,herbs,685.4,3016.4,27 C,87%
Sarawak,1/1/18,herbs,666.5,2842.4,26 C,88%
Sarawak,1/1/19,herbs,665,2854.7,27 C,"	87%"
Sarawak,1/1/20,herbs,654.4,2809.4,27 C,"	89%"
Sarawak,1/1/21,herbs,643.6,2947.6,"	26 C",91%
Sarawak,1/1/22,herbs,637.9,2981.2,26 C,89%
Sarawak,1/1/17,industrial_crops,55903.7,239297.5,27 C,87%
Sarawak,1/1/18,industrial_crops,55459.1,104710.7,26 C,88%
Sarawak,1/1/19,industrial_crops,58192.5,249948.7,27 C,"	87%"
Sarawak,1/1/20,industrial_crops,80396.3,182901.1,27 C,"	89%"
Sarawak,1/1/21,industrial_crops,80408.3,155557.2,"	26 C",91%
Sarawak,1/1/22,industrial_crops,48509.1,127987.5,26 C,89%
Sarawak,1/1/17,paddy,120713,246305,27 C,87%
Sarawak,1/1/18,paddy,135426,265358,26 C,88%
Sarawak,1/1/19,paddy,109261,215491,27 C,"	87%"
Sarawak,1/1/20,paddy,90865.2,167588.9,27 C,"	89%"
Sarawak,1/1/21,paddy,83143,148903,"	26 C",91%
Sarawak,1/1/22,paddy,77943,147272,26 C,89%
Sarawak,1/1/17,spices,544,3556.3,27 C,87%
Sarawak,1/1/18,spices,473.7,2744.3,26 C,88%
Sarawak,1/1/19,spices,465.7,2700.5,27 C,"	87%"
Sarawak,1/1/20,spices,498.9,2988.4,27 C,"	89%"
Sarawak,1/1/21,spices,496.7,2919.6,"	26 C",91%
Sarawak,1/1/22,spices,481.8,2863.1,26 C,89%
Sarawak,1/1/17,flowers,5031.1,51872.4,27 C,87%
Sarawak,1/1/18,flowers,4533.7,43691,26 C,88%
Sarawak,1/1/19,flowers,6098.2,61348.8,27 C,"	87%"
Sarawak,1/1/20,flowers,6057.6,62163.5,27 C,"	89%"
Sarawak,1/1/21,flowers,5595.3,56647.8,"	26 C",91%
Sarawak,1/1/22,flowers,5255.3,53191.2,26 C,89%
Selangor,1/1/17,cash_crops,1295.4,20445.2,27 C,"	81%"
Selangor,1/1/18,cash_crops,1220.5,17368.8,26 C,83%
Selangor,1/1/19,cash_crops,1108.3,16707.2,28 C,"	80%"
Selangor,1/1/20,cash_crops,1061.8,13330.3,29 C,81%
Selangor,1/1/21,cash_crops,936.9,11764.4,"27 C	","	77%"
Selangor,1/1/22,cash_crops,605.6,9411.1,28 C,78%
Selangor,1/1/17,coconut,8816.5,103435.4,27 C,"	81%"
Selangor,1/1/18,coconut,9860.2,95641.5,26 C,83%
Selangor,1/1/19,coconut,15075.7,99760.7,28 C,"	80%"
Selangor,1/1/20,coconut,10239.1,105129.1,29 C,81%
Selangor,1/1/21,coconut,9119.7,107558.9,"27 C	","	77%"
Selangor,1/1/22,coconut,9526.4,110783.8,28 C,78%
Selangor,1/1/17,vegetables,289.5,65598764,27 C,"	81%"
Selangor,1/1/18,vegetables,294.7,66779541,26 C,83%
Selangor,1/1/19,vegetables,300.3,68048353,28 C,"	80%"
Selangor,1/1/20,vegetables,291.9,51852845,29 C,81%
Selangor,1/1/21,vegetables,267.3,46579410,"27 C	","	77%"
Selangor,1/1/22,vegetables,270.5,47324681,28 C,78%
Selangor,1/1/17,fruits,2055.1,19392.2,27 C,"	81%"
Selangor,1/1/18,fruits,2019,33180.1,26 C,83%
Selangor,1/1/19,fruits,2038.2,29414.3,28 C,"	80%"
Selangor,1/1/20,fruits,2096.1,33288.1,29 C,81%
Selangor,1/1/21,fruits,5288.1,35605.4,"27 C	","	77%"
Selangor,1/1/22,fruits,1971.6,41376.1,28 C,78%
Selangor,1/1/17,herbs,85.8,1206.6,27 C,"	81%"
Selangor,1/1/18,herbs,91.2,668.8,26 C,83%
Selangor,1/1/19,herbs,91.9,710.6,28 C,"	80%"
Selangor,1/1/20,herbs,88.3,496.7,29 C,81%
Selangor,1/1/21,herbs,82.7,513.2,"27 C	","	77%"
Selangor,1/1/22,herbs,82.8,758.2,28 C,78%
Selangor,1/1/17,industrial_crops,9101.4,105262.3,27 C,"	81%"
Selangor,1/1/18,industrial_crops,10144.9,96713.3,26 C,83%
Selangor,1/1/19,industrial_crops,15351.1,103500.1,28 C,"	80%"
Selangor,1/1/20,industrial_crops,10522.2,108042.6,29 C,81%
Selangor,1/1/21,industrial_crops,9398.3,111953,"27 C	","	77%"
Selangor,1/1/22,industrial_crops,9596.9,114565.9,28 C,78%
Selangor,1/1/17,paddy,36708,165571,27 C,"	81%"
Selangor,1/1/18,paddy,36868,174432,26 C,83%
Selangor,1/1/19,paddy,36602,174088,28 C,"	80%"
Selangor,1/1/20,paddy,36004,159535,29 C,81%
Selangor,1/1/21,paddy,35885,155631,"27 C	","	77%"
Selangor,1/1/22,paddy,35539,153492,28 C,78%
Selangor,1/1/17,spices,476.2,5875.8,27 C,"	81%"
Selangor,1/1/18,spices,394.9,4984.1,26 C,83%
Selangor,1/1/19,spices,401.4,4712.3,28 C,"	80%"
Selangor,1/1/20,spices,259.7,2742.3,29 C,81%
Selangor,1/1/21,spices,280.4,3672.6,"27 C	","	77%"
Selangor,1/1/22,spices,231.8,2871.7,28 C,78%
Selangor,1/1/17,flowers,2626.1,36690.1,27 C,"	81%"
Selangor,1/1/18,flowers,2323.9,32258.5,26 C,83%
Selangor,1/1/19,flowers,2683.4,38795.7,28 C,"	80%"
Selangor,1/1/20,flowers,2337.7,31659.7,29 C,81%
Selangor,1/1/21,flowers,2520.6,34051.3,"27 C	","	77%"
Selangor,1/1/22,flowers,2365.4,32896.7,28 C,78%
Terengganu,1/1/17,cash_crops,664.9,6525.1,27 C,86%
Terengganu,1/1/18,cash_crops,624,5741.1,26 C,86%
Terengganu,1/1/19,cash_crops,468.3,3825.1,"	27 C",83%
Terengganu,1/1/20,cash_crops,388.3,3328.8,"	27 C","	82%"
Terengganu,1/1/21,cash_crops,398.2,4033.4,26 C,81%
Terengganu,1/1/22,cash_crops,413,4013.4,27 C,84%
Terengganu,1/1/17,coconut,4231,17079.8,27 C,86%
Terengganu,1/1/18,coconut,4064.9,20607,26 C,86%
Terengganu,1/1/19,coconut,4991.9,16144.2,"	27 C",83%
Terengganu,1/1/20,coconut,4657.9,15513.6,"	27 C","	82%"
Terengganu,1/1/21,coconut,2359.8,20120.7,26 C,81%
Terengganu,1/1/22,coconut,2406.5,18248.3,27 C,84%
Terengganu,1/1/17,vegetables,10,251040,27 C,86%
Terengganu,1/1/18,vegetables,10.2,255559,26 C,86%
Terengganu,1/1/19,vegetables,10.4,260414,"	27 C",83%
Terengganu,1/1/20,vegetables,10.1,198436,"	27 C","	82%"
Terengganu,1/1/21,vegetables,11.1,254772,26 C,81%
Terengganu,1/1/22,vegetables,11.3,258593,27 C,84%
Terengganu,1/1/17,fruits,6151.2,48781.4,27 C,86%
Terengganu,1/1/18,fruits,7709,50831.2,26 C,86%
Terengganu,1/1/19,fruits,7579.6,57368.9,"	27 C",83%
Terengganu,1/1/20,fruits,7399.6,34879.6,"	27 C","	82%"
Terengganu,1/1/21,fruits,7652.9,49649.6,26 C,81%
Terengganu,1/1/22,fruits,7184.4,27278.9,27 C,84%
Terengganu,1/1/17,herbs,156.2,359.9,27 C,86%
Terengganu,1/1/18,herbs,477.7,208.6,26 C,86%
Terengganu,1/1/19,herbs,269.1,409,"	27 C",83%
Terengganu,1/1/20,herbs,120.1,267.9,"	27 C","	82%"
Terengganu,1/1/21,herbs,113.4,333.9,26 C,81%
Terengganu,1/1/22,herbs,124.4,226.6,27 C,84%
Terengganu,1/1/17,industrial_crops,4253.9,17240.2,27 C,86%
Terengganu,1/1/18,industrial_crops,4975.8,20803,26 C,86%
Terengganu,1/1/19,industrial_crops,5900.3,16309.2,"	27 C",83%
Terengganu,1/1/20,industrial_crops,5225,15645.2,"	27 C","	82%"
Terengganu,1/1/21,industrial_crops,3297.2,20282.1,26 C,81%
Terengganu,1/1/22,industrial_crops,3369.3,18454.1,27 C,84%
Terengganu,1/1/17,paddy,16919,67715,27 C,86%
Terengganu,1/1/18,paddy,17431,74335,26 C,86%
Terengganu,1/1/19,paddy,18341,71382,"	27 C",83%
Terengganu,1/1/20,paddy,19071,73723,"	27 C","	82%"
Terengganu,1/1/21,paddy,19601,72023,26 C,81%
Terengganu,1/1/22,paddy,18957,62712,27 C,84%
Terengganu,1/1/17,spices,219.3,1303.7,27省C,86%
Terengganu,1/1/18,spices,222.4,1043.6,26 C,86%
Terengganu,1/1/19,spices,129,864.9,"	27 C",83%
Terengganu,1/1/20,spices,110.9,990.2,"	27 C","	82%"
Terengganu,1/1/21,spices,175.1,797,26 C,81%
Terengganu,1/1/22,spices,167.9,955,27 C,84%
Terengganu,1/1/17,flowers,1306.1,18018,27 C,86%
Terengganu,1/1/18,flowers,1181.5,16870,26 C,86%
Terengganu,1/1/19,flowers,1139.6,15264.2,"	27 C",83%
Terengganu,1/1/20,flowers,981.4,11874.2,"	27 C","	82%"
Terengganu,1/1/21,flowers,1185.3,15112.1,26 C,81%
Terengganu,1/1/22,flowers,1069.3,15052.6,27 C,84%
W.P. Kuala Lumpur,1/1/17,cash_crops,0,0,27省C,81%
W.P. Kuala Lumpur,1/1/18,cash_crops,0,0,26 C,83%
W.P. Kuala Lumpur,1/1/19,cash_crops,0,0,28 C,"	80%"
W.P. Kuala Lumpur,1/1/20,cash_crops,0,0,29 C,81%
W.P. Kuala Lumpur,1/1/21,cash_crops,0,0,27 C,77%
W.P. Kuala Lumpur,1/1/22,cash_crops,0,0,28 C,78%
W.P. Kuala Lumpur,1/1/17,coconut,0,0,27省C,81%
W.P. Kuala Lumpur,1/1/18,coconut,0,0,26 C,83%
W.P. Kuala Lumpur,1/1/19,coconut,0,0,28 C,"	80%"
W.P. Kuala Lumpur,1/1/20,coconut,0,0,29 C,81%
W.P. Kuala Lumpur,1/1/21,coconut,0,0,27 C,77%
W.P. Kuala Lumpur,1/1/22,coconut,0,0,28 C,78%
W.P. Kuala Lumpur,1/1/17,vegetables,8,977475,27省C,81%
W.P. Kuala Lumpur,1/1/18,vegetables,8.1,995069,26 C,83%
W.P. Kuala Lumpur,1/1/19,vegetables,8.3,1013976,28 C,"	80%"
W.P. Kuala Lumpur,1/1/20,vegetables,8.1,772649,29 C,81%
W.P. Kuala Lumpur,1/1/21,vegetables,8.4,816459,27 C,77%
W.P. Kuala Lumpur,1/1/22,vegetables,8.4,819724,28 C,78%
W.P. Kuala Lumpur,1/1/17,fruits,0,0,27省C,81%
W.P. Kuala Lumpur,1/1/18,fruits,0,0,26 C,83%
W.P. Kuala Lumpur,1/1/19,fruits,0,0,28 C,"	80%"
W.P. Kuala Lumpur,1/1/20,fruits,0,0,29 C,81%
W.P. Kuala Lumpur,1/1/21,fruits,0,0,27 C,77%
W.P. Kuala Lumpur,1/1/22,fruits,0,0,28 C,78%
W.P. Kuala Lumpur,1/1/17,herbs,0,0,27省C,81%
W.P. Kuala Lumpur,1/1/18,herbs,0,0,26 C,83%
W.P. Kuala Lumpur,1/1/19,herbs,0,0,28 C,"	80%"
W.P. Kuala Lumpur,1/1/20,herbs,0,0,29 C,81%
W.P. Kuala Lumpur,1/1/21,herbs,0,0,27 C,77%
W.P. Kuala Lumpur,1/1/22,herbs,0,0,28 C,78%
W.P. Kuala Lumpur,1/1/17,industrial_crops,0,0,27省C,81%
W.P. Kuala Lumpur,1/1/18,industrial_crops,0,0,26 C,83%
W.P. Kuala Lumpur,1/1/19,industrial_crops,0,0,28 C,"	80%"
W.P. Kuala Lumpur,1/1/20,industrial_crops,0,0,29 C,81%
W.P. Kuala Lumpur,1/1/21,industrial_crops,0,0,27 C,77%
W.P. Kuala Lumpur,1/1/22,industrial_crops,0,0,28 C,78%
W.P. Kuala Lumpur,1/1/17,paddy,0,0,27省C,81%
W.P. Kuala Lumpur,1/1/18,paddy,0,0,26 C,83%
W.P. Kuala Lumpur,1/1/19,paddy,0,0,28 C,"	80%"
W.P. Kuala Lumpur,1/1/20,paddy,0,0,29 C,81%
W.P. Kuala Lumpur,1/1/21,paddy,0,0,27 C,77%
W.P. Kuala Lumpur,1/1/22,paddy,0,0,28 C,78%
W.P. Kuala Lumpur,1/1/17,spices,0,0,27省C,81%
W.P. Kuala Lumpur,1/1/18,spices,0,0,26 C,83%
W.P. Kuala Lumpur,1/1/19,spices,0,0,28 C,"	80%"
W.P. Kuala Lumpur,1/1/20,spices,0,0,29 C,81%
W.P. Kuala Lumpur,1/1/21,spices,0,0,27 C,77%
W.P. Kuala Lumpur,1/1/22,spices,0,0,28 C,78%
W.P. Kuala Lumpur,1/1/17,flowers,0,0,27省C,81%
W.P. Kuala Lumpur,1/1/18,flowers,0,0,26 C,83%
W.P. Kuala Lumpur,1/1/19,flowers,0,0,28 C,"	80%"
W.P. Kuala Lumpur,1/1/20,flowers,0,0,29 C,81%
W.P. Kuala Lumpur,1/1/21,flowers,0,0,27 C,77%
W.P. Kuala Lumpur,1/1/22,flowers,0,0,28 C,78%
W.P. Labuan,1/1/17,cash_crops,4.3,35.4,"	28 C",83%
W.P. Labuan,1/1/18,cash_crops,3.5,31.2,27 C,89%
W.P. Labuan,1/1/19,cash_crops,3.4,31.2,28 C,"	84%"
W.P. Labuan,1/1/20,cash_crops,1.2,8.4,28 C,80%
W.P. Labuan,1/1/21,cash_crops,0,0,27 C,"	86%"
W.P. Labuan,1/1/22,cash_crops,0,0,27 C,86%
W.P. Labuan,1/1/17,coconut,152.5,630.1,"	28 C",83%
W.P. Labuan,1/1/18,coconut,158.4,516.8,27 C,89%
W.P. Labuan,1/1/19,coconut,129.3,487.2,28 C,"	84%"
W.P. Labuan,1/1/20,coconut,90.9,408.9,28 C,80%
W.P. Labuan,1/1/21,coconut,91.4,436.5,27 C,"	86%"
W.P. Labuan,1/1/22,coconut,71.3,405.1,27 C,86%
W.P. Labuan,1/1/17,vegetables,8,111813,"	28 C",83%
W.P. Labuan,1/1/18,vegetables,8.1,113826,27 C,89%
W.P. Labuan,1/1/19,vegetables,8.3,115989,28 C,"	84%"
W.P. Labuan,1/1/20,vegetables,8.1,88383,28 C,80%
W.P. Labuan,1/1/21,vegetables,8.4,93395,27 C,"	86%"
W.P. Labuan,1/1/22,vegetables,8.4,94235,27 C,86%
W.P. Labuan,1/1/17,fruits,175.6,343.9,"	28 C",83%
W.P. Labuan,1/1/18,fruits,168.9,404,27 C,89%
W.P. Labuan,1/1/19,fruits,139.1,394.7,28 C,"	84%"
W.P. Labuan,1/1/20,fruits,73.6,372.5,28 C,80%
W.P. Labuan,1/1/21,fruits,74.9,336.5,27 C,"	86%"
W.P. Labuan,1/1/22,fruits,187.8,451.8,27 C,86%
W.P. Labuan,1/1/17,herbs,0,0,"	28 C",83%
W.P. Labuan,1/1/18,herbs,0,0,27 C,89%
W.P. Labuan,1/1/19,herbs,0,0,28 C,"	84%"
W.P. Labuan,1/1/20,herbs,0,0,28 C,80%
W.P. Labuan,1/1/21,herbs,0,0,27 C,"	86%"
W.P. Labuan,1/1/22,herbs,0,0,27 C,86%
W.P. Labuan,1/1/17,industrial_crops,152.5,630.1,"	28 C",83%
W.P. Labuan,1/1/18,industrial_crops,158.6,519.2,27 C,89%
W.P. Labuan,1/1/19,industrial_crops,129.5,488.4,28 C,"	84%"
W.P. Labuan,1/1/20,industrial_crops,91.5,411.3,28 C,80%
W.P. Labuan,1/1/21,industrial_crops,91.4,436.5,27 C,"	86%"
W.P. Labuan,1/1/22,industrial_crops,72.2,408.4,27 C,86%
W.P. Labuan,1/1/17,paddy,0,0,"	28 C",83%
W.P. Labuan,1/1/18,paddy,0,0,27 C,89%
W.P. Labuan,1/1/19,paddy,0,0,28 C,"	84%"
W.P. Labuan,1/1/20,paddy,0,0,28 C,80%
W.P. Labuan,1/1/21,paddy,0,0,27 C,"	86%"
W.P. Labuan,1/1/22,paddy,0,0,27 C,86%
W.P. Labuan,1/1/17,spices,3.9,5.8,"	28 C",83%
W.P. Labuan,1/1/18,spices,1.4,8.2,27 C,89%
W.P. Labuan,1/1/19,spices,1.4,11.3,28 C,"	84%"
W.P. Labuan,1/1/20,spices,0.5,8.4,28 C,80%
W.P. Labuan,1/1/21,spices,0,0,27 C,"	86%"
W.P. Labuan,1/1/22,spices,0,0,27 C,86%
W.P. Labuan,1/1/17,flowers,77.8,316.2,"	28 C",83%
W.P. Labuan,1/1/18,flowers,72.5,333.4,27 C,89%
W.P. Labuan,1/1/19,flowers,57.1,334,28 C,"	84%"
W.P. Labuan,1/1/20,flowers,26.9,358.9,28 C,80%
W.P. Labuan,1/1/21,flowers,65.1,462.2,27 C,"	86%"
W.P. Labuan,1/1/22,flowers,73.4,340.8,27 C,86%